{"cameraMode":{"drawMode":0,"name":"Shaded","section":"Shading Mode"},"sceneLighting":true,"audioPlay":false,"sceneViewState":{"showFog":true,"showMaterialUpdate":false,"showSkybox":true,"showFlares":true,"showImageEffects":true,"showParticleSystems":true},"in2DMode":false,"pivot":{"x":16.588600158691408,"y":9.913742065429688,"z":3.268535614013672},"rotation":{"x":-0.11627408862113953,"y":0.7355228066444397,"z":-0.13066166639328004,"w":-0.6545334458351135},"size":10.0,"orthographic":false}