{"cameraMode":{"drawMode":0,"name":"Shaded","section":"Shading Mode"},"sceneLighting":false,"audioPlay":false,"sceneViewState":{"showFog":true,"showMaterialUpdate":false,"showSkybox":true,"showFlares":true,"showImageEffects":true,"showParticleSystems":true},"in2DMode":false,"pivot":{"x":-6.568503379821777,"y":-3.2553133964538576,"z":-3.569025993347168},"rotation":{"x":-0.09464429318904877,"y":0.8873802423477173,"z":-0.21040791273117066,"w":-0.39915838837623598},"size":22.0,"orthographic":false}