{"cameraMode":{"drawMode":0,"name":"Shaded","section":"Shading Mode"},"sceneLighting":false,"audioPlay":false,"sceneViewState":{"showFog":true,"showMaterialUpdate":false,"showSkybox":true,"showFlares":true,"showImageEffects":true,"showParticleSystems":true},"in2DMode":false,"pivot":{"x":-1.9140613079071046,"y":0.6854988932609558,"z":-2.595806837081909},"rotation":{"x":0.08704906702041626,"y":-0.9057238101959229,"z":0.2271251678466797,"w":0.3471325635910034},"size":7.511906147003174,"orthographic":false}