{"cameraMode":{"drawMode":0,"name":"Shaded","section":"Shading Mode"},"sceneLighting":true,"audioPlay":false,"sceneViewState":{"showFog":true,"showMaterialUpdate":false,"showSkybox":true,"showFlares":true,"showImageEffects":true,"showParticleSystems":true},"in2DMode":false,"pivot":{"x":18.167869567871095,"y":-22.793298721313478,"z":41.28240966796875},"rotation":{"x":-0.24571546912193299,"y":-0.23670732975006104,"z":0.06200820580124855,"w":-0.9379491806030273},"size":60.01556396484375,"orthographic":false}