{"cameraMode":{"drawMode":0,"name":"Shaded","section":"Shading Mode"},"sceneLighting":false,"audioPlay":false,"sceneViewState":{"showFog":true,"showMaterialUpdate":false,"showSkybox":true,"showFlares":true,"showImageEffects":true,"showParticleSystems":true},"in2DMode":false,"pivot":{"x":-0.23907899856567384,"y":0.4526822566986084,"z":-1.150740146636963},"rotation":{"x":0.08680887520313263,"y":-0.9097656607627869,"z":0.24270057678222657,"w":0.3254031240940094},"size":7.511906147003174,"orthographic":false}