{"cameraMode":{"drawMode":0,"name":"Shaded","section":"Shading Mode"},"sceneLighting":false,"audioPlay":false,"sceneViewState":{"showFog":true,"showMaterialUpdate":false,"showSkybox":true,"showFlares":true,"showImageEffects":true,"showParticleSystems":true},"in2DMode":false,"pivot":{"x":0.8010373115539551,"y":0.2747197151184082,"z":0.25536680221557619},"rotation":{"x":0.11874377727508545,"y":-0.8697572350502014,"z":0.25453582406044009,"w":0.4057510197162628},"size":7.511906147003174,"orthographic":false}