{"cameraMode":{"drawMode":0,"name":"Shaded","section":"Shading Mode"},"sceneLighting":false,"audioPlay":false,"sceneViewState":{"showFog":true,"showMaterialUpdate":false,"showSkybox":true,"showFlares":true,"showImageEffects":true,"showParticleSystems":true},"in2DMode":false,"pivot":{"x":-2.5699868202209474,"y":-0.9288959503173828,"z":4.502254009246826},"rotation":{"x":-0.08219905197620392,"y":0.902229368686676,"z":-0.19826868176460267,"w":-0.37405240535736086},"size":6.886303424835205,"orthographic":false}