{"cameraMode":{"drawMode":0,"name":"Shaded","section":"Shading Mode"},"sceneLighting":true,"audioPlay":false,"sceneViewState":{"showFog":true,"showMaterialUpdate":false,"showSkybox":true,"showFlares":true,"showImageEffects":true,"showParticleSystems":true},"in2DMode":false,"pivot":{"x":8.628131866455079,"y":1.6265110969543458,"z":-0.6971285939216614},"rotation":{"x":-0.08173970133066178,"y":0.630652666091919,"z":-0.06704898923635483,"w":-0.7688305377960205},"size":0.00005715767838410102,"orthographic":false}