{"cameraMode":{"drawMode":0,"name":"Shaded","section":"Shading Mode"},"sceneLighting":true,"audioPlay":false,"sceneViewState":{"showFog":true,"showMaterialUpdate":false,"showSkybox":true,"showFlares":true,"showImageEffects":true,"showParticleSystems":true},"in2DMode":false,"pivot":{"x":20.653366088867189,"y":-25.695056915283204,"z":33.465816497802737},"rotation":{"x":-0.3035762906074524,"y":-0.24060997366905213,"z":0.07952330261468888,"w":-0.9184902906417847},"size":60.01556396484375,"orthographic":false}