{"cameraMode":{"drawMode":0,"name":"Shaded","section":"Shading Mode"},"sceneLighting":false,"audioPlay":false,"sceneViewState":{"showFog":true,"showMaterialUpdate":false,"showSkybox":true,"showFlares":true,"showImageEffects":true,"showParticleSystems":true},"in2DMode":false,"pivot":{"x":-0.9352378249168396,"y":-2.4906156063079836,"z":-2.3621058464050295},"rotation":{"x":0.10413635522127152,"y":-0.8669150471687317,"z":0.44276517629623415,"w":0.20389480888843537},"size":7.511906147003174,"orthographic":false}