{"cameraMode":{"drawMode":0,"name":"Shaded","section":"Shading Mode"},"sceneLighting":false,"audioPlay":false,"sceneViewState":{"showFog":true,"showMaterialUpdate":false,"showSkybox":true,"showFlares":true,"showImageEffects":true,"showParticleSystems":true},"in2DMode":false,"pivot":{"x":2.155874013900757,"y":1.6011357307434083,"z":1.4488794803619385},"rotation":{"x":0.13651639223098756,"y":-0.8251457810401917,"z":0.2254377007484436,"w":0.49967557191848757},"size":7.511906147003174,"orthographic":false}