{"cameraMode":{"drawMode":0,"name":"Shaded","section":"Shading Mode"},"sceneLighting":false,"audioPlay":false,"sceneViewState":{"showFog":true,"showMaterialUpdate":false,"showSkybox":true,"showFlares":true,"showImageEffects":true,"showParticleSystems":true},"in2DMode":false,"pivot":{"x":0.0,"y":1.871000051498413,"z":-1.0540000200271607},"rotation":{"x":-0.20032082498073579,"y":0.3047887682914734,"z":-0.06573643535375595,"w":-0.9287917613983154},"size":0.27362164855003359,"orthographic":false}