{"cameraMode":{"drawMode":0,"name":"Shaded","section":"Shading Mode"},"sceneLighting":false,"audioPlay":false,"sceneViewState":{"showFog":true,"showMaterialUpdate":false,"showSkybox":true,"showFlares":true,"showImageEffects":true,"showParticleSystems":true},"in2DMode":false,"pivot":{"x":450.5912780761719,"y":338.3266906738281,"z":-207.91067504882813},"rotation":{"x":-0.1681225597858429,"y":-0.005339639261364937,"z":0.0009108326048590243,"w":-0.9857512712478638},"size":233.34524536132813,"orthographic":false}