{"cameraMode":{"drawMode":0,"name":"Shaded","section":"Shading Mode"},"sceneLighting":true,"audioPlay":false,"sceneViewState":{"showFog":true,"showMaterialUpdate":false,"showSkybox":true,"showFlares":true,"showImageEffects":true,"showParticleSystems":true},"in2DMode":false,"pivot":{"x":28.126380920410158,"y":-24.71092987060547,"z":25.985549926757814},"rotation":{"x":-0.2678525447845459,"y":-0.4424448609352112,"z":0.140366792678833,"w":-0.844271719455719},"size":60.01556396484375,"orthographic":false}